symptoms,goviral,fluwatch,hongkong,hutterite,health_worker,individually_reported,male,female,population
intercept,0.1946587885401588,-0.029832700567208076,2.566621125397322,1.1192866073091676,-0.4629920771044819,-0.3634286718058526,-0.709780046526303,-0.7096995412429665,-0.709271935191843
fever,0.3497503547767313,0.11142449621427303,2.5900464402338135,1.2409882324476862,0.8466824969231366,0.44064534775374725,0.6948107461359464,0.6948034773496894,0.6948125569660355
sorethroat,0.3452674853524767,0.128152370629331,2.5525881344414096,1.2148178592305352,0.779559415269351,0.4126176124876641,0.6309428842808854,0.6309505211447896,0.631067697814699
cough,0.47404318986600524,0.2632877439470994,2.5614351917446485,1.294158180398019,1.798302575713263,1.057863643358314,1.6973525186805607,1.6973206806816696,1.69733047315424
muscle,0.32689735608961956,0.1529725017643354,2.460384755495845,1.151292606188084,0.6229846492264336,0.33405373698981883,0.48016347893977457,0.48017775365236576,0.48010065389944323
