symptoms,goviral,fluwatch,hongkong,hutterite,health_worker,individually_reported,male,female,population
intercept,0.19465878853980056,-0.029832700567145362,2.5666211253963187,1.119286607309684,-0.4629920771050128,-0.36342867180504274,-0.7097800465279775,-0.7096995412417643,-0.7092719351921113
fever,0.3497503547764559,0.11142449621436565,2.5900464402331442,1.2409882324484294,0.8466824969231425,0.4406453477535512,0.6948107461359477,0.6948034773501434,0.6948125569662784
sorethroat,0.345267485352625,0.1281523706290413,2.552588134440236,1.2148178592310175,0.7795594152700585,0.41261761248779333,0.6309428842808716,0.6309505211463796,0.6310676978154699
cough,0.47404318986566185,0.26328774394713883,2.5614351917447347,1.2941581803984739,1.7983025757136852,1.0578636433586956,1.6973525186815497,1.697320680681923,1.6973304731548433
muscle,0.32689735608920734,0.1529725017644809,2.460384755495115,1.1512926061882844,0.622984649225295,0.3340537369895439,0.48016347893920014,0.4801777536525097,0.4801006538993553
