symptoms,goviral,fluwatch,hongkong,hutterite,health_worker,individually_reported,male,female,population
intercept,0.1946587885401824,-0.029832700567204995,2.5666211253968987,1.1192866073085368,-0.4629920771073054,-0.36342867180487004,-0.7097800465321931,-0.7096995412437007,-0.7092719351947486
fever,0.3497503547768579,0.11142449621404046,2.590046440233796,1.2409882324465396,0.8466824969220812,0.4406453477543713,0.6948107461362875,0.6948034773508546,0.694812556966786
sorethroat,0.3452674853499836,0.1281523706295723,2.5525881344412986,1.2148178592302405,0.77955941527188,0.4126176124887177,0.6309428842832508,0.6309505211501502,0.6310676978185531
cough,0.4740431898653158,0.26328774394692145,2.5614351917451925,1.2941581803973201,1.798302575714189,1.0578636433401758,1.697352518681986,1.6973206806822931,1.697330473155285
muscle,0.3268973560887814,0.1529725017643213,2.460384755496475,1.1512926061869673,0.6229846492226238,0.33405373698787305,0.4801634789381878,0.480177753652075,0.4801006538988809
