symptoms,goviral,fluwatch,hongkong,hutterite,health_worker,individually_reported,male,female,population
intercept,0.19465878854002042,-0.029832700567626172,2.566621125396922,1.1192866073100782,-0.4629920771030551,-0.3634286718049483,-0.7097800465253296,-0.7096995412412539,-0.7092719351907093
fever,0.34975035477644056,0.11142449621403025,2.590046440233797,1.2409882324482089,0.8466824969231572,0.44064534775416,0.6948107461353737,0.6948034773493804,0.6948125569655775
sorethroat,0.3452674853498983,0.1281523706291038,2.5525881344410073,1.2148178592310348,0.7795594152692322,0.4126176124864419,0.6309428842801134,0.6309505211444352,0.6310676978141203
cough,0.4740431898648726,0.2632877439468389,2.5614351917446494,1.294158180398508,1.7983025757128839,1.057863643360135,1.6973525186795022,1.6973206806813288,1.6973304731535859
muscle,0.3268973560884706,0.15297250176405663,2.460384755495932,1.1512926061880313,0.6229846492271268,0.33405373698894475,0.4801634789396252,0.48017775365236465,0.48010065389934103
