symptoms,goviral,fluwatch,hongkong,hutterite,loeb,age 0-4,age 5-15,age 16-44,age 45-64,age 65+,population
intercept,-1.2336328380364052,-1.0777066157678805,-0.869131437757702,-1.16040536875375,-1.1270452841507907,-1.1392057169727,-1.1414132280463785,-1.1366613328599324,-1.1366319103525753,-1.128409212035809,-1.1365198496994255
fever,0.7401693771154905,0.699069670582302,0.7985454479832026,0.7488879736666136,0.7126484649447693,0.733178120233029,0.7329964501689283,0.7323349569517912,0.7297085643007204,0.7291396766203684,0.7314456341852886
sorethroat,0.6214923697591024,0.6075408202935215,0.6487132299391902,0.6255148560382755,0.6128211360851935,0.6197345303555518,0.6196141368095259,0.6194782068944364,0.6188957868131563,0.6185572885564145,0.6192681856545005
cough,1.199876630980535,1.1656019516588279,1.1162459995186578,1.1928200840858458,1.179987463076137,1.1830949066866463,1.1835332742631985,1.182389709057217,1.1823516602512174,1.1812182537025389,1.1826760185817873
muscle,0.4073237312743147,0.4134843894065653,0.4267029349998654,0.40982581541168217,0.41139783449187445,0.4110263517929695,0.4109816496335578,0.4111109627974718,0.41112153591250766,0.4112728838784346,0.4111174496976356
