symptoms,goviral,fluwatch,hongkong,hutterite,loeb,age 0-4,age 5-15,age 16-44,age 45-64,age 65+,population
intercept,-1.2336328380365433,-1.0777066157681594,-0.8691314377570649,-1.1604053687534879,-1.1270452841507375,-1.1392057169724423,-1.1414132280461315,-1.1366613328596473,-1.1366319103529383,-1.1284092120359357,-1.1365198496993814
fever,0.7401693771140936,0.6990696705809403,0.7985454479820173,0.7488879736651631,0.7126484649434266,0.7331781202315265,0.7329964501675243,0.7323349569502688,0.729708564299457,0.7291396766192617,0.7314456341838805
sorethroat,0.6214923697585916,0.6075408202930674,0.6487132299386822,0.6255148560377581,0.6128211360846932,0.6197345303550384,0.6196141368090157,0.6194782068939265,0.6188957868126794,0.6185572885559171,0.6192681856540715
cough,1.1998766309808224,1.1656019516588005,1.1162459995184837,1.1928200840854806,1.1799874630760283,1.1830949066864538,1.183533274263029,1.1823897090570792,1.1823516602511732,1.1812182537026223,1.1826760185817402
muscle,0.40732373127398885,0.413484389406273,0.4267029349997867,0.40982581541141433,0.4113978344915702,0.4110263517926704,0.41098164963327716,0.41111096279716053,0.411121535912208,0.41127288387812866,0.4111174496973348
