symptoms,goviral,fluwatch,hongkong,hutterite,loeb,age 0-4,age 5-15,age 16-44,age 45-64,age 65+,population
intercept,-1.2336328380364296,-1.077706615767943,-0.8691314377577504,-1.1604053687535665,-1.1270452841503107,-1.139205716972452,-1.1414132280461444,-1.1366613328597335,-1.1366319103523033,-1.1284092120355174,-1.136519849699227
fever,0.7401693771155526,0.6990696705823789,0.7985454479830858,0.7488879736665891,0.7126484649444869,0.7331781202329644,0.7329964501688621,0.7323349569517448,0.7297085643007328,0.7291396766206004,0.731445634185306
sorethroat,0.6214923697585821,0.6075408202929813,0.6487132299385212,0.6255148560376909,0.6128211360845948,0.6197345303549819,0.6196141368088061,0.6194782068938658,0.6188957868125732,0.6185572885558452,0.619268185653923
cough,1.1998766309801392,1.165601951658673,1.116245999518588,1.1928200840855618,1.1799874630757745,1.1830949066863283,1.183533274262904,1.1823897090569175,1.182351660250792,1.1812182537024212,1.1826760185814773
muscle,0.4073237312741029,0.4134843894063585,0.4267029349998271,0.409825815411491,0.41139783449167683,0.41102635179276936,0.4109816496333649,0.4111109627972805,0.4111215359123337,0.4112728838782474,0.4111174496974475
