symptoms,goviral,fluwatch,hongkong,hutterite,loeb,age 0-4,age 5-15,age 16-44,age 45-64,age 65+,population
intercept,-1.2336328380365509,-1.0777066157678943,-0.8691314377574813,-1.1604053687537186,-1.1270452841508773,-1.1392057169727723,-1.1414132280464078,-1.136661332859994,-1.1366319103526226,-1.1284092120358593,-1.136519849699478
fever,0.7401693771154741,0.6990696705822801,0.7985454479830676,0.7488879736665659,0.7126484649447659,0.7331781202329924,0.7329964501688905,0.7323349569517625,0.7297085643006915,0.729139676620504,0.7314456341852786
sorethroat,0.6214923697590808,0.6075408202935039,0.6487132299390358,0.6255148560382312,0.6128211360851965,0.6197345303555248,0.6196141368094942,0.6194782068944075,0.6188957868130949,0.6185572885563929,0.619268185654006
cough,1.1998766309810756,1.1656019516588496,1.116245999518779,1.1928200840857863,1.1799874630761622,1.1830949066867051,1.1835332742632336,1.1823897090572926,1.18235166025125,1.1812182537027962,1.1826760185819203
muscle,0.40732373127409294,0.4134843894063734,0.4267029349998729,0.4098258154114811,0.41139783449164247,0.4110263517927547,0.41098164963339423,0.41111096279727183,0.4111215359122942,0.4112728838782164,0.41111744969743
