symptoms,goviral,fluwatch,hongkong,hutterite,loeb,age 0-4,age 5-15,age 16-44,age 45-64,age 65+,population
intercept,-1.2336328380364696,-1.0777066157683453,-0.8691314377566839,-1.1604053687533193,-1.1270452841508838,-1.139205716972189,-1.1414132280457914,-1.1366613328594057,-1.1366319103534097,-1.128409212036193,-1.1365198496992712
fever,0.7401693771127106,0.6990696705795663,0.798545447980942,0.7488879736637678,0.7126484649423099,0.733178120230079,0.7329964501661889,0.7323349569488222,0.7297085642982941,0.7291396766179459,0.7314456341825604
sorethroat,0.6214923697584394,0.6075408202930119,0.6487132299386299,0.6255148560376576,0.6128211360846827,0.6197345303549378,0.6196141368089206,0.6194782068938363,0.6188957868126107,0.6185572885558432,0.619268185653319
cough,1.1998766309805715,1.1656019516588796,1.1162459995183642,1.192820084085313,1.1799874630761786,1.1830949066863978,1.183533274262945,1.1823897090570397,1.1823516602512634,1.181218253702807,1.1826760185817753
muscle,0.40732373127386895,0.4134843894061384,0.42670293499969303,0.40982581541131546,0.41139783449143613,0.4110263517925533,0.4109816496331978,0.41111096279705417,0.4111215359120803,0.4112728838779986,0.4111174496972245
