symptoms,goviral,fluwatch,hongkong,hutterite,health_worker,individually_reported,age 0-4,age 5-15,age 16-44,age 45-64,age 65+,population
intercept,0.2782787433753649,-0.16617664139959015,2.7684594285275184,1.241861756729543,-1.2484847526170508,-1.173595103465786,-1.2622812413850149,-1.2823484434172296,-1.2626659232096349,-1.2905695050744022,-1.272764784177817,-1.2741399864843754
fever,0.41982924946428635,0.01111101872257994,2.8210385015786925,1.386299416735445,0.7697501934782285,0.6377843827429053,0.7128418196035791,0.7248889757747795,0.7446379611088623,0.7197753548281388,0.7190295402707406,0.7234374541318829
sorethroat,0.3930383863853563,0.030929465725299393,2.729083537370036,1.3139673931841167,0.5800401507384592,0.4930774563400456,0.5428864447336825,0.5509585257153863,0.5623979958343551,0.5475832154135573,0.5500184154440658,0.550555096250982
cough,0.515466377108828,0.14198994141888202,2.762562811128128,1.3845791242721022,1.8604430674173633,1.7803287166116708,1.8404857558398438,1.844011137005802,1.849906846280672,1.8433126417712329,1.8426962731166072,1.8435845981200472
muscle,0.3918441544693003,0.058364358044044384,2.670154300644113,1.2698119522740696,0.3875733581534119,0.3535515371290501,0.37183731313077145,0.3729338160430933,0.37800701687998456,0.3715157030004154,0.3727355734808516,0.37292089831680214
