symptoms,goviral,fluwatch,hongkong,hutterite,health_worker,individually_reported,age 0-4,age 5-15,age 16-44,age 45-64,age 65+,population
intercept,0.2782787433757336,-0.16617664139958557,2.7684594285280397,1.241861756729643,-1.2484847526159852,-1.1735951034658378,-1.262281241384448,-1.282348443416382,-1.2626659232085187,-1.2905695050736614,-1.2727647841770857,-1.2741399864835359
fever,0.4198292494648908,0.011111018722214816,2.8210385015787085,1.3862994167356475,0.7697501934782923,0.6377843827429526,0.7128418196034272,0.7248889757747089,0.7446379611089212,0.7197753548281681,0.7190295402706246,0.7234374541317169
sorethroat,0.3930383863857436,0.03092946572619351,2.72908353737003,1.3139673931865077,0.5800401507386489,0.4930774563402043,0.5428864447336538,0.5509585257154628,0.562397995834514,0.5475832154136631,0.5500184154440821,0.5505550962510751
cough,0.5154663771090028,0.1419899414190728,2.7625628111284444,1.3845791242756038,1.860443067417439,1.780328716611704,1.8404857558397085,1.8440111370057517,1.8499068462806698,1.843312641771161,1.8426962731166276,1.8435845981199568
muscle,0.3918441544696354,0.0583643580438936,2.6701543006443185,1.269811952275155,0.38757335815364374,0.3535515371291037,0.3718373131308286,0.37293381604333414,0.3780070168801864,0.371515703000565,0.372735573480987,0.37292089831698977
