symptoms,goviral,fluwatch,hongkong,hutterite,health_worker,individually_reported,age 0-4,age 5-15,age 16-44,age 45-64,age 65+,population
intercept,0.27827874337475356,-0.16617664139922592,2.7684594285278887,1.241861756729514,-1.2484847526161185,-1.1735951034658672,-1.2622812413844682,-1.282348443416483,-1.2626659232085862,-1.2905695050738095,-1.272764784177214,-1.2741399864836052
fever,0.4198292494642223,0.011111018722691685,2.8210385015790775,1.3862994167356013,0.7697501934780585,0.637784382742727,0.7128418196032039,0.7248889757744852,0.7446379611076505,0.7197753548279185,0.7190295402704117,0.723437454131496
sorethroat,0.39303838638515876,0.03092946572585606,2.729083537370243,1.313967393186407,0.5800401507385752,0.49307745634008876,0.5428864447335966,0.5509585257153964,0.562397995834119,0.547583215413565,0.5500184154440455,0.5505550962509923
cough,0.5154663771086379,0.14198994141888505,2.762562811128389,1.384579124274101,1.8604430674174193,1.7803287166116863,1.8404857558397232,1.8440111370056576,1.8499068462804293,1.8433126417711776,1.8426962731165728,1.843584598119949
muscle,0.39184415446897836,0.05836435804379908,2.6701543006443846,1.2698119522749651,0.3875733581535863,0.3535515371291007,0.3718373131308038,0.372933816043173,0.37800701687997157,0.37151570300051895,0.37273557348094954,0.37292089831689446
