symptoms,goviral,fluwatch,hongkong,hutterite,health_worker,individually_reported,age 0-4,age 5-15,age 16-44,age 45-64,age 65+,population
intercept,0.27827874337546543,-0.16617664139972538,2.768459428527128,1.2418617567295829,-1.2484847526164031,-1.1735951034658387,-1.262281241384669,-1.282348443416713,-1.2626659232090385,-1.2905695050739583,-1.272764784177429,-1.2741399864839003
fever,0.4198292494646506,0.011111018722143623,2.8210385015787245,1.3862994167355607,0.7697501934784121,0.6377843827430633,0.7128418196036324,0.7248889757748728,0.7446379611090161,0.7197753548282736,0.7190295402708149,0.7234374541319039
sorethroat,0.39303838638553334,0.03092946572518429,2.7290835373700952,1.3139673931849445,0.5800401507385472,0.4930774563400836,0.5428864447336351,0.5509585257141176,0.5623979958344104,0.5475832154135872,0.550018415444056,0.5505550962507102
cough,0.5154663771084261,0.14198994141841095,2.762562811128077,1.3845791242732448,1.860443067417396,1.7803287166116584,1.8404857558397651,1.8440111370055954,1.849906846280654,1.8433126417711445,1.842696273116621,1.8435845981198946
muscle,0.3918441544693507,0.05836435804323438,2.670154300644215,1.2698119522740365,0.3875733581535144,0.3535515371291079,0.37183731313077495,0.37293381604310466,0.37800701688007204,0.3715157030004824,0.3727355734809144,0.3729208983168621
