symptoms,age1,age2,age3,age4,age5,female,fluwatch,goviral,health_worker_facilitated,hongkong,hutterite,individually_reported,male,total,age 0-4,age 5-15,age 16-44,age 45-64,age 65+,individually collected,health worker facilitated
intercept,0.6016178582781279,-1.6023796332667244,-2.664668221323444,-2.6335768590058355,-2.358783727123122,-2.2592535033844006,0.5106511448443498,-1.1213794442071814,-2.296746755236896,-2.8428061950377184,-2.54214162148816,-0.10848702786799658,-1.5038420177562415,-1.9064919642908797,0.6016178582781279,-1.6023796332667244,-2.664668221323444,-2.6335768590058355,-2.358783727123122,-0.10848702786799658,-2.296746755236896
fever,0.6019917595959566,1.9493522496778912,0.2464503153246024,0.4952146849766912,0.8862204586438026,0.7596659339163921,-0.2553788707802478,0.9113538803713557,1.0818209472704885,3.16237559748086,1.4471771414496497,0.13759204828262367,0.3116192704923556,0.617598177587801,0.6019917595959566,1.9493522496778912,0.2464503153246024,0.4952146849766912,0.8862204586438026,0.13759204828262367,1.0818209472704885
sorethroat,0.2004111226423151,0.21760290274302743,0.961125776688513,0.5992905401410079,0.2924805571180263,0.5182790883210528,-0.8774687926952456,1.017163757694921,0.6540619896865156,2.04324501026365,0.8060559574955748,-0.20051303344761054,0.5499347806337782,0.38226835838421835,0.2004111226423151,0.21760290274302743,0.961125776688513,0.5992905401410079,0.2924805571180263,-0.20051303344761054,0.6540619896865156
cough,-0.8588050999222728,4.053746867337633,2.4234055755900443,2.0934469307620107,1.6211019274865068,2.206049021419264,-0.1993552856745472,0.6905945333701686,2.7218932312224573,3.984901385310108,2.5647619924984233,0.26043952293591893,2.502381386147628,2.3103471601087553,-0.8588050999222728,4.053746867337633,2.4234055755900443,2.0934469307620107,1.6211019274865068,0.26043952293591893,2.7218932312224573
muscle,2.234252920989945,-0.09882803170739489,0.8519109490213744,-0.04329249984700607,-0.1772792477893845,0.06390318939695883,0.18267630301027127,0.18027209956098655,0.49973445045556725,0.8969243375150867,0.0007971317471294926,0.03125851427261943,0.20594265336007936,0.1688895408954303,2.234252920989945,-0.09882803170739489,0.8519109490213744,-0.04329249984700607,-0.1772792477893845,0.03125851427261943,0.49973445045556725
