goviral,hongkong,hutterite
0.6992424242424243,0.9015151515151515,0.7508543025784405
