goviral,hongkong,hutterite
0.6962121212121213,0.903030303030303,0.8247592420006213
