Goviral,Hongkong,Hutterite
0.6924964936886395,0.889579102849245,0.7389952153110049
