(AUC scores),Goviral,Hongkong,Hutterite
,,,
Logistic Regression (Flat Model),0.692496494,0.889579103,0.738995215
FEDA,0.699242424,0.901515152,0.750854303
FEDA+p,0.696212121,0.903030303,0.824759242
Hier,0.720557692,0.914984864,0.828512195
Hier+p,0.723557692,0.918012109,0.837365854