symptoms,goviral,hongkong,hutterite,female,male,population
intercept,-0.1784764193741647,-0.1784650817096025,-0.17847641501660227,-0.17847641667330827,-0.17847641667338648,-0.17847641667200806
fever,0.8919526988707204,0.8919500053542813,0.8919526977717301,0.8919526981934011,0.8919526981934346,0.8919526981980077
sorethroat,0.884167526607932,0.8841650976742629,0.8841675255657974,0.8841675259537919,0.8841675259538196,0.8841675259591241
cough,1.1504903447724908,1.1504844951385835,1.1504903424222643,1.1504903429792925,1.1504903429793,1.1504903429794513
muscle,0.5556633264969795,0.5556653136450415,0.5556633272721159,0.5556633271139417,0.5556633271139321,0.5556633271114739
