symptoms,goviral,hongkong,hutterite,male,female,population
intercept,-0.1752253627606647,-0.17462515364779674,-0.17522080586792474,-0.17522253435346657,-0.17522255580792692,-0.17522254575874477
fever,0.8921978042450276,0.8920548097502244,0.8921966860134213,0.8921971022798436,0.8921971057486058,0.892197104237637
sorethroat,0.8834719682308553,0.8833443003685388,0.8834709400011589,0.8834713068539182,0.8834713105661405,0.8834713091222791
cough,1.153819754945239,1.153508063772633,1.1538172200173233,1.1538178344470713,1.15381783958183,1.153817836329289
muscle,0.5572286002606393,0.5573330129423707,0.5572294344033687,0.5572292651010905,0.5572292631334882,0.55722925883334
