symptoms,goviral,hongkong,hutterite,female,male,population
intercept,-0.17847641930632083,-0.1784650816512809,-0.17847641494831734,-0.17847641660611235,-0.1784764166063126,-0.17847641660489794
fever,0.8919526989306963,0.8919500054063064,0.8919526978317531,0.8919526982509715,0.891952698251167,0.8919526982554067
sorethroat,0.8841675264989314,0.8841650975668646,0.8841675254568458,0.8841675258463543,0.8841675258464166,0.8841675258515407
cough,1.1504903447082016,1.1504844950767115,1.1504903423481274,1.1504903429085085,1.150490342908528,1.15049034290864
muscle,0.5556633266069229,0.5556653137542871,0.5556633273720752,0.5556633272180915,0.5556633272180764,0.5556633272158745
