symptoms,age1,age2,age3,age4,age5,female,fluwatch,goviral,health_worker_facilitated,hongkong,hutterite,individually_reported,male,total,age 0-4,age 5-15,age 16-44,age 45-64,age 65+,individually collected,health worker facilitated
intercept,0.6493197179326224,-1.6769486199548918,-2.6594060088040377,-2.6444003121735045,-2.2470118230739504,-2.252353602324189,0.509525413941487,-1.1438981959848509,-2.289224263797814,-2.893120073883508,-2.5236937769357004,-0.13249797223742232,-1.5011669731731319,-1.8901691631795474,0.6493197179326224,-1.6769486199548918,-2.6594060088040377,-2.6444003121735045,-2.2470118230739504,-0.13249797223742232,-2.289224263797814
fever,0.7480570730699058,2.0450224527993397,0.14210960147302737,0.4590960636275616,0.8895177134627844,0.7974097660761131,-0.22413305272845518,0.8289409164002078,1.0562793255147127,3.18997879794112,1.5081475241301356,0.10730456968140928,0.367238486782312,0.6151891178924068,0.7480570730699058,2.0450224527993397,0.14210960147302737,0.4590960636275616,0.8895177134627844,0.10730456968140928,1.0562793255147127
sorethroat,0.18211569659381097,0.3206498752513811,0.9898525173847761,0.5892973435926276,0.7015711831723882,0.5271335279290416,-0.8901107922984153,0.9765449595679159,0.6238199887982419,1.9953638379638219,0.7119187151475191,-0.23143730599931883,0.4670634374916806,0.38175073821160854,0.18211569659381097,0.3206498752513811,0.9898525173847761,0.5892973435926276,0.7015711831723882,-0.23143730599931883,0.6238199887982419
cough,-0.9522991357976711,4.035463065811648,2.4082202306089906,2.099544515755638,1.2519469339240215,2.163939312585092,-0.1568269698482441,0.9155290592071832,2.721974037238715,4.075443431493138,2.543196976066982,0.316090063633213,2.4573619576548715,2.2938661499415156,-0.9522991357976711,4.035463065811648,2.4082202306089906,2.099544515755638,1.2519469339240215,0.316090063633213,2.721974037238715
muscle,2.2967710793751226,-0.10269858306683763,0.8217335568786951,-0.0812137067649024,-0.2400520309218977,0.07686939449186911,0.10511919217876364,0.07272105927541386,0.5333725601625534,0.9278604668587432,0.049802652241791236,0.07849336560756007,0.22320902343637247,0.11566106434772792,2.2967710793751226,-0.10269858306683763,0.8217335568786951,-0.0812137067649024,-0.2400520309218977,0.07849336560756007,0.5333725601625534
