symptoms,goviral,fluwatch,hongkong,hutterite,health_worker,individually_reported,age 0-4,age 5-15,age 16-44,age 45-64,age 65+,male,female,population
intercept,0.29970250599849907,-0.17759088268525566,2.7812980631374264,1.2551943084069643,-1.5480098435249865,-1.5330880094865957,-1.5514879364261738,-1.5582006605741265,-1.5559531304763383,-1.5591541839273317,-1.5497726512874683,-1.5617721102193398,-1.5615817356149817,-1.5571446324327631
fever,0.4297937593430511,-0.004070769273499308,2.8258835186741034,1.3749729903562384,0.6628841503591661,0.6270527026444463,0.6431670954433573,0.6476207781604069,0.6485516707707298,0.6478290545714036,0.6440858021419171,0.6472053050937394,0.6476788360999515,0.6468152810414163
sorethroat,0.40878101304759845,0.015861209035946205,2.7371897169171273,1.3052889050891796,0.5158577479090278,0.49486858492353086,0.5046530457476066,0.5077486773083919,0.506634619241945,0.5076177354613438,0.50619241725396,0.5070054688182588,0.5070144637751914,0.5067960389661206
cough,0.5529380060604223,0.1423724754193283,2.7840957453244717,1.3923456387014073,2.099110225628664,2.085067486085909,2.0947565346234303,2.0960804057481592,2.0961127409100753,2.0961642593805854,2.0948216797215204,2.096206412250195,2.096277784602626,2.095907064974521
muscle,0.40478363520399807,0.025693172665798264,2.6786563296936805,1.2601953406274204,0.24629461461119792,0.2393624303924262,0.24244860478049923,0.24289404393043798,0.2429962258459394,0.24286844933036844,0.24259694887813973,0.24269004060166025,0.24273072559111492,0.24282936759615742
