symptoms,goviral,fluwatch,hongkong,hutterite,health_worker,individually_reported,age 0-4,age 5-15,age 16-44,age 45-64,age 65+,male,female,population
intercept,0.29970250599903925,-0.1775908826848719,2.7812980631249644,1.255194308407058,-1.5480098434955991,-1.5330880094867483,-1.5514879364065315,-1.5582006605576875,-1.5559531304540413,-1.5591541839099436,-1.549772651267863,-1.561772110204486,-1.5615817356031667,-1.5571446324141585
fever,0.4297937593443336,-0.004070769274724689,2.825883518672649,1.3749729903550616,0.6628841503547925,0.6270527026387096,0.6431670954362101,0.6476207781496099,0.6485516707591849,0.6478290545631606,0.6440858021299398,0.6472053050863888,0.6476788360911726,0.6468152810312392
sorethroat,0.40878101305175574,0.015861209036042462,2.737189716913254,1.3052889050903684,0.5158577479113844,0.49486858492480074,0.5046530457488593,0.5077486773021508,0.5066346192404145,0.5076177354695393,0.5061924172643603,0.507005468818654,0.5070144637751733,0.506796038967122
cough,0.5529380060621985,0.14237247541749531,2.7840957453205637,1.3923456387028597,2.099110225626682,2.085067486086146,2.0947565346202848,2.0960804057447255,2.0961127409062055,2.0961642593781984,2.0948216797183568,2.096206412247796,2.0962777845998577,2.0959070649711324
muscle,0.404783635201748,0.02569317266420005,2.6786563296882524,1.260195340627111,0.24629461461273727,0.2393624303921447,0.24244860469481255,0.24289404392958217,0.24299622584532696,0.24286844930962842,0.24259694887800995,0.24269004060123475,0.24273072559047523,0.24282936758631202
