symptoms,goviral,fluwatch,hongkong,hutterite,health_worker,individually_reported,age 0-4,age 5-15,age 16-44,age 45-64,age 65+,male,female,population
intercept,0.3008844896108799,-0.17724878388461868,2.7718653168937535,1.2535018478826292,-1.5463551011918557,-1.52978567520214,-1.5476978203699503,-1.5556977404431123,-1.5543554733943812,-1.557318573353824,-1.5486971972951886,-1.5597700017769094,-1.5595598489177678,-1.5548591394410758
fever,0.43006051314766247,-0.003641622115471116,2.8156304700685766,1.373331662838841,0.6623359858621325,0.6259874512889226,0.6427903575908573,0.6468330747741458,0.6476965054064256,0.6471876828339286,0.6439956901969975,0.6465693432246695,0.6470762399966169,0.6462075068327003
sorethroat,0.40919485931618116,0.016622796010789587,2.7264221281561487,1.3050393111483285,0.5168170688771838,0.49473583010363803,0.5054480158831363,0.5083826673666093,0.5069801154143719,0.5082158927398924,0.5070253180130493,0.5075108016499832,0.5075219556427191,0.50738937745518
cough,0.5536297625832015,0.1431240564370897,2.7722033710465652,1.3913780707372676,2.1005425167484413,2.086158925531324,2.096096794143136,2.0975384451456094,2.0976929834237934,2.097742245257137,2.096479590613521,2.097749736492313,2.0977825480480563,2.0974368833845114
muscle,0.40523824440646106,0.026395127605628427,2.667698994786351,1.2588305083057636,0.24705357956627377,0.23957306006677137,0.24290201262232786,0.24335807938108422,0.24340703673420705,0.24331450963841048,0.24310933443323154,0.24311324052566893,0.24316536371301972,0.2432771601977889
