symptoms,goviral,fluwatch,hongkong,hutterite,health_worker,individually_reported,age 0-4,age 5-15,age 16-44,age 45-64,age 65+,male,female,population
intercept,0.299702505999518,-0.17759088268299725,2.781298063119925,1.2551943084057935,-1.5480098434981078,-1.5330880094916544,-1.5514879364148637,-1.5582006605682441,-1.5559531304542953,-1.5591541839125729,-1.5497726512650658,-1.5617721102070847,-1.5615817355951065,-1.557144632415692
fever,0.4297937593446503,-0.004070769274547442,2.8258835186717772,1.37497299035644,0.6628841503594805,0.6270527026440637,0.6431670954425892,0.6476207781500292,0.6485516707734459,0.6478290545740303,0.6440858021351173,0.6472053050925033,0.6476788361016214,0.6468152810389398
sorethroat,0.4087810130499625,0.01586120903774224,2.7371897169126513,1.3052889050903818,0.5158577479087592,0.49486858492212604,0.5046530457457861,0.5077486773018016,0.5066346192327174,0.5076177354673581,0.5061924172482332,0.5070054688669365,0.5070144637738255,0.5067960389713124
cough,0.552938006061841,0.14237247541977485,2.7840957453143416,1.3923456387343258,2.099110225624345,2.0850674860852316,2.0947565346182384,2.0960804057414197,2.0961127409040756,2.0961642593759024,2.0948216797148462,2.0962064122473545,2.096277784596776,2.095907064968435
muscle,0.4047836352077483,0.025693172663575486,2.678656329686747,1.2601953406363544,0.2462946146098164,0.23936243039006483,0.24244860469141763,0.2428940439250823,0.2429962258422198,0.24286844932703192,0.24259694889218195,0.2426900406166,0.24273072558747819,0.2428293675894688
